total_time,value_n
0.0036600280000129715,1000
0.0070059229983598925,1000
0.010227134000160731,1000
0.01622759899692028,1000
0.01942095199774485,1000
0.022610535994317615,1000
0.025817699992330745,1000
0.029008531993895303,1000
0.032209790995693766,1000
0.03555419099575374,1000
0.04127404399696388,1000
0.04450066099525429,1000
0.0477525229944149,1000
0.05115663099422818,1000
0.054392033995100064,1000
0.05790152999543352,1000
0.06113865899533266,1000
0.06436219199531479,1000
0.06756012499317876,1000
0.07078217699381639,1000
0.07398588099385961,1000
0.07721160799337667,1000
0.08046434699645033,1000
0.0836625159936375,1000
0.08689604199389578,1000
0.09013660599157447,1000
0.0933336489906651,1000
0.09654288899037056,1000
0.09976505298982374,1000
0.10296921299232054,1000
0.10616586499236291,1000
0.10941326799365925,1000
0.11261875199488713,1000
0.11583678299575695,1000
0.11906358799387817,1000
0.1222931729935226,1000
0.12549456299166195,1000
0.12871877998986747,1000
0.13190723298976081,1000
0.13510615598715958,1000
0.13829040198470466,1000
0.14150954998331144,1000
0.1449745529826032,1000
0.1482058279834746,1000
0.1514481389822322,1000
0.15465488198242383,1000
0.15786571698117768,1000
0.16109582397984923,1000
0.16431881197786424,1000
0.1675328119781625,1000
0.17079483597990475,1000
0.17402940298052272,1000
0.17724536798050394,1000
0.18049572498057387,1000
0.18370993098142208,1000
0.18692396198093775,1000
0.19014713997967192,1000
0.19338545297796372,1000
0.1965811859772657,1000
0.19979607097775443,1000
0.20299102097851573,1000
0.20619557297686697,1000
0.20942680997904972,1000
0.21262592397761182,1000
0.21581678597794962,1000
0.21902365098139853,1000
0.2222244549811876,1000
0.22543046298233094,1000
0.22864682498402544,1000
0.23183681198133854,1000
0.23504250798214343,1000
0.23826741898301407,1000
0.24146945398388198,1000
0.24468306498238235,1000
0.24790524098352762,1000
0.2510964389803121,1000
0.2542757299816003,1000
0.25749875998371863,1000
0.2607170719857095,1000
0.26391932098340476,1000
0.2671418719837675,1000
0.2703561289818026,1000
0.27355195798372733,1000
0.2767546969844261,1000
0.27995863198157167,1000
0.2831609769818897,1000
0.2863544849824393,1000
0.2895568629828631,1000
0.29272659698472125,1000
0.2959178389828594,1000
0.2991333499812754,1000
0.3023267679782293,1000
0.3055278669780819,1000
0.3087461409777461,1000
0.31195981197743095,1000
0.3151644419776858,1000
0.3183866839754046,1000
0.3215921979754057,1000
0.3248011239738844,1000
0.32803000397325377,1000
0.33123382697158377,1000
0.33445382697391324,1000
0.3377057679754216,1000
0.3409013879754639,1000
0.3441080929733289,1000
0.3473400979746657,1000
0.35052602997166105,1000
0.3537358429712185,1000
0.35691576696990523,1000
0.36012716896948405,1000
0.36334567196900025,1000
0.36654586497024866,1000
0.36975944396908744,1000
0.3729574819699337,1000
0.37613709497236414,1000
0.37934956897152006,1000
0.38253455897211097,1000
0.3857290689738875,1000
0.38893620197632117,1000
0.39212842297638417,1000
0.39549136497589643,1000
0.3987349659764732,1000
0.4019336939745699,1000
0.405232562974561,1000
0.40844375897358987,1000
0.41165390497189946,1000
0.41486838397031534,1000
0.4180873599725601,1000
0.42127082397200866,1000
0.4244624619714159,1000
0.4276732549733424,1000
0.4308711119738291,1000
0.43406574197433656,1000
0.4372824769743602,1000
0.4404625529750774,1000
0.443642372974864,1000
0.4468461509750341,1000
0.4500551849741896,1000
0.45324991697634687,1000
0.4564399219780171,1000
0.45966131697787205,1000
0.4628488809794362,1000
0.4660377059808525,1000
0.4692449909816787,1000
0.47243830698062084,1000
0.4756644579829299,1000
0.47886983397984295,1000
0.48204595298011554,1000
0.48524216097939643,1000
0.4884549069793138,1000
0.4916399299800105,1000
0.49484635097905993,1000
0.49807475097986753,1000
0.5012865159806097,1000
0.5044845919801446,1000
0.5077605039805348,1000
0.5109590699794353,1000
0.5141418659804913,1000
0.5173498509793717,1000
0.5205298609762394,1000
0.5237095929769566,1000
0.5268946049800434,1000
0.5300677269806329,1000
0.5332609439792577,1000
0.536446932979743,1000
0.5396470809791936,1000
0.5428337199773523,1000
0.5460195659798046,1000
0.5492161219808622,1000
0.5524057269794866,1000
0.5555936789787665,1000
0.5588006259786198,1000
0.5619916549803747,1000
0.5651781189808389,1000
0.5684120479781996,1000
0.5716179769769951,1000
0.5748123219746049,1000
0.5780235379752412,1000
0.5812228349750512,1000
0.5844129259749025,1000
0.5876206609755172,1000
0.5908124589732324,1000
0.5939988199716026,1000
0.5972293339691532,1000
0.6004332919692388,1000
0.603624505969492,1000
0.6068155859720719,1000
0.6100114609726006,1000
0.6131989969726419,1000
0.6163923659732973,1000
0.6195850719741429,1000
0.6227742959745228,1000
0.6259676829758973,1000
0.629175078975095,1000
0.6323877839749912,1000
0.6355815789720509,1000
0.638795319973724,1000
0.6419712249735312,1000
0.6451677029726852,1000
0.006988265002291882,2000
0.017374266004480887,2000
0.024326119004399516,2000
0.031308784004068,2000
0.03862992900394602,2000
0.04562719400564674,2000
0.05259619400385418,2000
0.059653582004102645,2000
0.06660417600141955,2000
0.07357217200114974,2000
0.08055451199834351,2000
0.08751790299720597,2000
0.09452002499529044,2000
0.10147732099358109,2000
0.1084417349920841,2000
0.11539338299189694,2000
0.1223483299909276,2000
0.12931802799357683,2000
0.13631894299396663,2000
0.14416143299240503,2000
0.15115395699103829,2000
0.15809497299051145,2000
0.16503971398924477,2000
0.1719760099913401,2000
0.17891924998912145,2000
0.18586753098861664,2000
0.192824177989678,2000
0.19982412699027918,2000
0.2067582439922262,2000
0.2137237419919984,2000
0.22067048699318548,2000
0.22764606299097068,2000
0.23461308098922018,2000
0.241713349991187,2000
0.2486730819910008,2000
0.25562584799263277,2000
0.2625748649952584,2000
0.26981704499485204,2000
0.27678496999578783,2000
0.2837580179984798,2000
0.2907481679976627,2000
0.2977450989965291,2000
0.304717355997127,2000
0.3116968359972816,2000
0.3186640189960599,2000
0.3258082869979262,2000
0.33283266599755734,2000
0.34012384199741064,2000
0.3471849769957771,2000
0.35418145899893716,2000
0.36123885899723973,2000
0.36820642199745635,2000
0.375152029995661,2000
0.3820971559980535,2000
0.3890379820004455,2000
0.3960034470001119,2000
0.40296412400130066,2000
0.4099364610010525,2000
0.41689398900416563,2000
0.42386258400438237,2000
0.43081572700612014,2000
0.4377604740038805,2000
0.4447469810038456,2000
0.4516813890040794,2000
0.4586292870044417,2000
0.46558009000727907,2000
0.4725442700073472,2000
0.4795327830070164,2000
0.4864779020062997,2000
0.49341677900520153,2000
0.5003803430081462,2000
0.5073230840098404,2000
0.51436405800996,2000
0.5213502460064774,2000
0.5282842950036866,2000
0.5352756620050059,2000
0.5422294860036345,2000
0.5491940570027509,2000
0.5561309490003623,2000
0.5630815090007673,2000
0.5700137540006835,2000
0.5769724290003069,2000
0.5839286150003318,2000
0.5908966530005273,2000
0.5978386489987315,2000
0.604795158997149,2000
0.6117503009954817,2000
0.6187148969984264,2000
0.6256472679961007,2000
0.6326072819974797,2000
0.6395675819985627,2000
0.6464859430016077,2000
0.6534442300035153,2000
0.6603816040042148,2000
0.6673268580052536,2000
0.6742869250047079,2000
0.6812471190023643,2000
0.6881900059997861,2000
0.6951349180017132,2000
0.7021169479994569,2000
0.7090612760002841,2000
0.7160145119996741,2000
0.7229529719988932,2000
0.7299034809984732,2000
0.7368494889960857,2000
0.7437750999961281,2000
0.7509661789954407,2000
0.7579765689952183,2000
0.7649860679957783,2000
0.7720011379969947,2000
0.7789774119992217,2000
0.7859708599971782,2000
0.7929271979955956,2000
0.7999295529953088,2000
0.806909362992883,2000
0.8142369949928252,2000
0.8212294239929179,2000
0.8282197799926507,2000
0.8351886949931213,2000
0.8423822009935975,2000
0.8493296019914851,2000
0.8562695869914023,2000
0.8632417119915772,2000
0.8702002039935905,2000
0.8771747649916506,2000
0.8841187229918432,2000
0.8910941249923781,2000
0.8980616339904373,2000
0.9050304999909713,2000
0.912086072992679,2000
0.9190599269932136,2000
0.9259908189924317,2000
0.932956276992627,2000
0.9398738399941067,2000
0.946843996996904,2000
0.9537889989987889,2000
0.9607627250006772,2000
0.9677249499982281,2000
0.9746684370002185,2000
0.9816247620001377,2000
0.9885590850026347,2000
0.9955203100034851,2000
1.0024707030024729,2000
1.009460195000429,2000
1.016413281999121,2000
1.0233703300000343,2000
1.0303075859992532,2000
1.03726654500133,2000
1.0442409130009764,2000
1.0511991109997325,2000
1.0581778199994005,2000
1.0651330889995734,2000
1.072073620998708,2000
1.079030339999008,2000
1.085967012000765,2000
1.0929420900029072,2000
1.099901209003292,2000
1.106852697004797,2000
1.113818979007192,2000
1.1207507790059026,2000
1.1277137680044689,2000
1.1346597440024198,2000
1.1416243340026995,2000
1.1485827310025343,2000
1.155542881002475,2000
1.1625332540024829,2000
1.1694694520010671,2000
1.1764181590006046,2000
1.1833657090028282,2000
1.1903313490038272,2000
1.197302734002733,2000
1.2043637420028972,2000
1.2113560260040686,2000
1.2183117700042203,2000
1.225258879003377,2000
1.232203349005431,2000
1.2391505490049894,2000
1.246077398005582,2000
1.2530235510057537,2000
1.2599485850041674,2000
1.2669806870035245,2000
1.27399124900694,2000
1.2809531580060138,2000
1.287946661006572,2000
1.294982619008806,2000
1.3019719710064237,2000
1.3089517680091376,2000
1.315926876010053,2000
1.3229096860122809,2000
1.3299380450116587,2000
1.3369490170116478,2000
1.343956133012398,2000
1.350942520009994,2000
1.357937030010362,2000
1.3650036140097654,2000
1.3720164930091414,2000
1.378998018008133,2000
1.3859989360098552,2000
1.392990776010265,2000
0.011174275998200756,3000
0.023006425995845348,3000
0.034102376994269434,3000
0.045164081995608285,3000
0.056333302996790735,3000
0.06748921399412211,3000
0.07855296399065992,3000
0.08955855199383222,3000
0.10063353799341712,3000
0.11166129499542876,3000
0.12264854699606076,3000
0.134692803996586,3000
0.14576163999299752,3000
0.15683440899010748,3000
0.1679497789918969,3000
0.1789904629913508,3000
0.18998765399010153,3000
0.20104576999074197,3000
0.21208069999192958,3000
0.2230899789938121,3000
0.2341253609956766,3000
0.2451261239948508,3000
0.25614097499783384,3000
0.2671656299971801,3000
0.27815577499495703,3000
0.2891536539973458,3000
0.30018150199612137,3000
0.3111881349941541,3000
0.32259113699547015,3000
0.3335951329972886,3000
0.3446265909988142,3000
0.35561777600014466,3000
0.3666275070027041,3000
0.37758309300261317,3000
0.38894938500379794,3000
0.40004383400446386,3000
0.4110882040040451,3000
0.42215083200426307,3000
0.43318141900454066,3000
0.4442287820020283,3000
0.4552656369996839,3000
0.46630893900146475,3000
0.4773632990036276,3000
0.4884102170035476,3000
0.4994448990037199,3000
0.5104676860064501,3000
0.5214897080040828,3000
0.532495977004146,3000
0.5435373170039384,3000
0.5548792080044223,3000
0.5659074140021403,3000
0.5769068840018008,3000
0.5880082940020657,3000
0.5990172370038636,3000
0.6104247150033189,3000
0.6214222220041847,3000
0.6326100400037831,3000
0.6436335090038483,3000
0.6546353890043974,3000
0.665639311006089,3000
0.6766256730043096,3000
0.6876355510030407,3000
0.6986443340028927,3000
0.7096233620031853,3000
0.7205956220022927,3000
0.7315883300034329,3000
0.7425753230054397,3000
0.7535513000075298,3000
0.7646160650074307,3000
0.775609094009269,3000
0.7866458420103299,3000
0.7976433710100537,3000
0.8086818020092323,3000
0.8196998550083663,3000
0.8307113400078379,3000
0.8417102510102268,3000
0.8527343350106094,3000
0.8637113020122342,3000
0.8747907180149923,3000
0.8858960720172036,3000
0.896954131017992,3000
0.9080164580154815,3000
0.9190831960149808,3000
0.9301215130144556,3000
0.9412581200122077,3000
0.9525175210146699,3000
0.9635158290147956,3000
0.974529891016573,3000
0.985556940016977,3000
0.9965715320140589,3000
1.0075938880145259,3000
1.0185989740130026,3000
1.0296177930104022,3000
1.0405960420102929,3000
1.0515849530092964,3000
1.062590302008175,3000
1.0735504510084866,3000
1.0845964170111984,3000
1.095599812011642,3000
1.1065864200136275,3000
1.1176090720146021,3000
1.1286086100153625,3000
1.1396271460180287,3000
1.1506291450168646,3000
1.1616308330194443,3000
1.1726177550190187,3000
1.183598712021194,3000
1.1945818010208313,3000
1.2055658280187345,3000
1.216566793016682,3000
1.2275964100190322,3000
1.2385740730205725,3000
1.249566301023151,3000
1.2605892120227509,3000
1.2715610050217947,3000
1.2825479790190002,3000
1.2935344950201397,3000
1.304504050018295,3000
1.315498813019076,3000
1.326505883018399,3000
1.3375213380168134,3000
1.3484964970157307,3000
1.359577438015549,3000
1.370923031015991,3000
1.3823737430138863,3000
1.3934367690126237,3000
1.4044913010111486,3000
1.4155661880104162,3000
1.4265937360105454,3000
1.4376389580102114,3000
1.4487187020095007,3000
1.4597388800102635,3000
1.4708258340069733,3000
1.4818567630063626,3000
1.4929101300040202,3000
1.5039436840052076,3000
1.514988353006629,3000
1.5260458640077559,3000
1.5371161410075729,3000
1.5481357890057552,3000
1.5591434330053744,3000
1.5701671830029227,3000
1.5811949080052727,3000
1.592192027004785,3000
1.6032185870062676,3000
1.6142835300051956,3000
1.6252970870045829,3000
1.6362899290070345,3000
1.6472956750076264,3000
1.6583169250079663,3000
1.6693256700091297,3000
1.6803252490062732,3000
1.691329527006019,3000
1.7023562430040329,3000
1.7134064800047781,3000
1.724407843004883,3000
1.7354187450036989,3000
1.746439481004927,3000
1.7574919290054822,3000
1.768489372003387,3000
1.7795319100041525,3000
1.7905547570044291,3000
1.801557512004365,3000
1.8126079380017472,3000
1.8236100140020426,3000
1.8346247660047084,3000
1.8456056870054454,3000
1.856615700002294,3000
1.8676063170023554,3000
1.8786194080021232,3000
1.8896442570003273,3000
1.900834598003712,3000
1.9118837750029343,3000
1.9229075770053896,3000
1.9339297310070833,3000
1.9449362410086906,3000
1.9558984260074794,3000
1.9669360700063407,3000
1.9779292660059582,3000
1.9889240270058508,3000
1.999960874007229,3000
2.0109681180074404,3000
2.022006789007719,3000
2.0331013970062486,3000
2.044131817005109,3000
2.055153685003461,3000
2.0661481600036495,3000
2.0771723790057877,3000
2.088193241008412,3000
2.099223499008076,3000
2.1102127430094697,3000
2.1211991620075423,3000
2.132208396007627,3000
2.1432454450077785,3000
2.154270183007611,3000
2.165262922007969,3000
2.176277108006616,3000
2.187264011008665,3000
2.1982324230084487,3000
0.015552469001704594,4000
0.030566707002435578,4000
0.04570836100174347,4000
0.06090720900465385,4000
0.0759937830043782,4000
0.09101039400411537,4000
0.10609962200396694,4000
0.12114230200313614,4000
0.13623004100372782,4000
0.15191150700411526,4000
0.1670515220030211,4000
0.18229198500193888,4000
0.1975300630001584,4000
0.21286627899826271,4000
0.22822436499700416,4000
0.2433435209968593,4000
0.2584824989971821,4000
0.27354439499686123,4000
0.28865536699959193,4000
0.30370941500223125,4000
0.31878684399998747,4000
0.3338377580002998,4000
0.34891388500182074,4000
0.3639734659991518,4000
0.37909456299894373,4000
0.39409121299831895,4000
0.4091893139957392,4000
0.4241559709953435,4000
0.4394672929956869,4000
0.454765733997192,4000
0.4698906109952077,4000
0.484942664996197,4000
0.4999820559969521,4000
0.5150380629966094,4000
0.5301475379965268,4000
0.5451831999962451,4000
0.5602976069967553,4000
0.575302801997168,4000
0.5903848769958131,4000
0.6054273809968436,4000
0.6205043419940921,4000
0.6355583319927973,4000
0.6506534379950608,4000
0.6658638309927483,4000
0.6811217369904625,4000
0.6962793479906395,4000
0.7114218509886996,4000
0.7264174689880747,4000
0.7415791059902404,4000
0.7566295759897912,4000
0.7717876609895029,4000
0.78714981298981,4000
0.8022850169909361,4000
0.8173775169889268,4000
0.8324825879899436,4000
0.8475514709898562,4000
0.862709046989039,4000
0.8778595929870789,4000
0.8930071999893698,4000
0.9080087799884495,4000
0.9230767579902022,4000
0.938131879989669,4000
0.953222290991107,4000
0.9682632129879494,4000
0.9833356129893218,4000
0.9984537099880981,4000
1.013589284986665,4000
1.0286036509860423,4000
1.043683270985639,4000
1.0588285779886064,4000
1.073970859990368,4000
1.0890640459874703,4000
1.1041675769847643,4000
1.1192351499848883,4000
1.1342989189834043,4000
1.1493910439858155,4000
1.1644491989864036,4000
1.1794906729883223,4000
1.1944926689902786,4000
1.2098569049885555,4000
1.2249294529901817,4000
1.2399707199911063,4000
1.2551611109920486,4000
1.2702736349929182,4000
1.285345308995602,4000
1.3003473769967968,4000
1.315519312996912,4000
1.3312424729992927,4000
1.3465570619991922,4000
1.361640457998874,4000
1.3772397299981094,4000
1.3922555909957737,4000
1.4073731429962208,4000
1.4223779819985793,4000
1.437408375000814,4000
1.452584107999428,4000
1.4676657059972058,4000
1.4826958749945334,4000
1.4977876049924816,4000
1.5128388079901924,4000
1.5279789039886964,4000
1.5430479519891378,4000
1.5580774239861057,4000
1.573051637988101,4000
1.5880773339886218,4000
1.6031040819871123,4000
1.6181301219876332,4000
1.6331509299889149,4000
1.6481910409856937,4000
1.6631994389863394,4000
1.6782942639838438,4000
1.693311206981889,4000
1.7086790449830005,4000
1.7237032179837115,4000
1.7388355579860217,4000
1.753898055983882,4000
1.7689558879828837,4000
1.7839731449821556,4000
1.7991241479794553,4000
1.8141962099798548,4000
1.8292740539764054,4000
1.8442811079767125,4000
1.8593530089747219,4000
1.8743970539726433,4000
1.8924774379702285,4000
1.9075338109687436,4000
1.9226168589702866,4000
1.9376708399722702,4000
1.952795471974241,4000
1.9680601549735002,4000
1.9832350489741657,4000
1.998460641974816,4000
2.0135966849775286,4000
2.028605797975615,4000
2.0436791019747034,4000
2.058703432976472,4000
2.073774639975454,4000
2.088816791976569,4000
2.103841851974721,4000
2.1189357599760115,4000
2.134023429978697,4000
2.1491273249775986,4000
2.1644748759754293,4000
2.1795191649762273,4000
2.194639445973735,4000
2.209706245976122,4000
2.224952903976373,4000
2.2405706259778526,4000
2.2559724239799834,4000
2.2710619119789044,4000
2.2868865319796896,4000
2.3019837959800498,4000
2.3171445049774775,4000
2.3322132869798224,4000
2.3473295259791485,4000
2.362505914978101,4000
2.377582318978966,4000
2.393229319979582,4000
2.408344629981002,4000
2.4234574689835426,4000
2.4390390959852084,4000
2.454006224983459,4000
2.469180381984188,4000
2.4841346829853137,4000
2.4992678409871587,4000
2.514266840986238,4000
2.5293539379854337,4000
2.544391983985406,4000
2.5594128519842343,4000
2.574482547985099,4000
2.5895249059867638,4000
2.604522231988085,4000
2.619600319987512,4000
2.6346442389876756,4000
2.649756370985415,4000
2.6647793609845394,4000
2.6798420059822092,4000
2.694868949984084,4000
2.710043440984009,4000
2.725127868983691,4000
2.740376286983519,4000
2.755566961983277,4000
2.770963397982996,4000
2.7860685349842242,4000
2.8011413579843065,4000
2.8162537809839705,4000
2.8312979559850646,4000
2.8463399579850375,4000
2.861400962985499,4000
2.8764629179859185,4000
2.891511654986971,4000
2.906542051987344,4000
2.921594090988947,4000
2.9366306609881576,4000
2.9517296079866355,4000
2.9668376879890275,4000
2.9819128519884543,4000
2.996980777988938,4000
3.01200878499003,4000
0.019756032997975126,5000
0.03914579699630849,5000
0.05882337799630477,5000
0.07833989999562618,5000
0.09779068499483401,5000
0.11747300499700941,5000
0.13806502799707232,5000
0.15771327000038582,5000
0.17742524200002663,5000
0.19742791899989243,5000
0.21706510900185094,5000
0.23663905800276552,5000
0.25609924900345504,5000
0.27557758600232773,5000
0.29503483200460323,5000
0.3145386490068631,5000
0.3339675450079085,5000
0.3534067760083417,5000
0.372869229009666,5000
0.39232451000862056,5000
0.4117458300097496,5000
0.43123527901116177,5000
0.450664684009098,5000
0.47014298200883786,5000
0.48957765800878406,5000
0.5090141210093861,5000
0.5284123740093492,5000
0.5478672020108206,5000
0.5673182540085691,5000
0.5867319090102683,5000
0.6062534880111343,5000
0.6256967790104682,5000
0.6451618630089797,5000
0.6649744940077653,5000
0.6845243120078521,5000
0.7040060500075924,5000
0.7237823270079389,5000
0.7432021740096388,5000
0.7626142690096458,5000
0.7820114560090587,5000
0.8014222900092136,5000
0.8208393470085866,5000
0.8402627340110485,5000
0.8597168820087973,5000
0.8791381420087419,5000
0.8985669890098507,5000
0.9180137980110885,5000
0.9374635550120729,5000
0.9569361030116852,5000
0.9763844550107024,5000
0.9958393210108625,5000
1.0152299420115014,5000
1.0346755990103702,5000
1.0540861060108,5000
1.0735665120118938,5000
1.0929950130121142,5000
1.1124217040123767,5000
1.1318476910091704,5000
1.1512215760085382,5000
1.1705665560075431,5000
1.1900034180071088,5000
1.2094591330060211,5000
1.228939981006988,5000
1.2484339600086969,5000
1.2679318110094755,5000
1.287366260010458,5000
1.3067443440086208,5000
1.3261736150088836,5000
1.3456857660094101,5000
1.3651565800100798,5000
1.384595931009244,5000
1.4040431210087263,5000
1.423497847008548,5000
1.442932069006929,5000
1.462399322004785,5000
1.4817552380045527,5000
1.501249484004802,5000
1.5207095820042014,5000
1.5401624480036844,5000
1.5595970130016212,5000
1.5790443420009979,5000
1.5984534900017024,5000
1.617863887004205,5000
1.637337734005996,5000
1.6567520330063417,5000
1.6761844500069856,5000
1.695895326007303,5000
1.7154150560090784,5000
1.7351523480101605,5000
1.7546309330100485,5000
1.7740810710092774,5000
1.7934969420093694,5000
1.8129675350101024,5000
1.8324286110109824,5000
1.851822834010818,5000
1.871517028012022,5000
1.8910151020136254,5000
1.9104411210137187,5000
1.929870658012078,5000
1.9492781570115767,5000
1.9686750530090649,5000
1.9881638340084464,5000
2.0075812820105057,5000
2.0271296400096617,5000
2.0465721690088685,5000
2.0660205770072935,5000
2.0854556010053784,5000
2.104856866004411,5000
2.1243584800067765,5000
2.1437864240069757,5000
2.16324511800849,5000
2.1826702150065103,5000
2.2021128040032636,5000
2.22177511100017,5000
2.2420088149992807,5000
2.261545629997272,5000
2.2812809999995807,5000
2.3006771680011298,5000
2.3200561320009,5000
2.339445658999466,5000
2.3588399389991537,5000
2.3782569590002822,5000
2.397649654001725,5000
2.4170325380036957,5000
2.436446268002328,5000
2.4557962420003605,5000
2.475251100000605,5000
2.4946149950010295,5000
2.5140430290011864,5000
2.53346643900295,5000
2.552900592003425,5000
2.572331125003984,5000
2.5917019530061225,5000
2.6110888860093837,5000
2.6304347720106307,5000
2.649796254008834,5000
2.66922637000971,5000
2.6886669310079014,5000
2.708028216009552,5000
2.727410999010317,5000
2.746842357009882,5000
2.766174785010662,5000
2.7856309460112243,5000
2.805059459009499,5000
2.8244458390072396,5000
2.843864130009024,5000
2.8632450710101693,5000
2.882610172011482,5000
2.901952476011502,5000
2.9213954450133315,5000
2.9407825650123414,5000
2.9601998300131527,5000
2.97956938101197,5000
2.998968997013435,5000
3.018428762014082,5000
3.037936796012218,5000
3.0573256420102553,5000
3.0766489570123667,5000
3.09606142001212,5000
3.115464785008953,5000
3.134892245008814,5000
3.154615833005664,5000
3.1740801030064176,5000
3.1938970330047596,5000
3.213528447002318,5000
3.2330608850024873,5000
3.252969617002236,5000
3.2725151520025975,5000
3.2919871660014906,5000
3.3114946000023338,5000
3.331326319999789,5000
3.350901187001,5000
3.3702866140010883,5000
3.3896822280039487,5000
3.4091501320035604,5000
3.4285772610019194,5000
3.447995386002731,5000
3.4675048440039973,5000
3.486909565002861,5000
3.5063826180012256,5000
3.525716126001498,5000
3.5451624090019322,5000
3.5645635399996536,5000
3.583905187999335,5000
3.6033036779990653,5000
3.622695803998795,5000
3.642106347997469,5000
3.66148515399982,5000
3.6808984049966966,5000
3.7003177129990945,5000
3.719750602998829,5000
3.739496335001604,5000
3.7589291160002176,5000
3.7783848979997856,5000
3.7980886139994254,5000
3.817654856997251,5000
3.837100898999779,5000
3.8564900099991064,5000
3.875910696999199,5000
0.02739621600267128,6000
0.05132592600057251,6000
0.07519146600316162,6000
0.09904398800063063,6000
0.12283399599982658,6000
0.14714260899927467,6000
0.17116739899938693,6000
0.19510160699792323,6000
0.21886440899470472,6000
0.2425738569945679,6000
0.26638974699380924,6000
0.29026884999257163,6000
0.3146739049916505,6000
0.33851314899220597,6000
0.36224027899152134,6000
0.38603895199048566,6000
0.40985132399146096,6000
0.43360961599319126,6000
0.45747324499461683,6000
0.48126473999218433,6000
0.5050056459913321,6000
0.529005859989411,6000
0.5528103429896873,6000
0.5766150759918673,6000
0.6004645489920222,6000
0.6242973189910117,6000
0.648176650993264,6000
0.6720445929931884,6000
0.6959448479938146,6000
0.7197521129928646,6000
0.7435684989904985,6000
0.7673828609913471,6000
0.7911320819912362,6000
0.8149642109929118,6000
0.8387400059909851,6000
0.8627046129913651,6000
0.8865865199913969,6000
0.910410314991168,6000
0.9342319489915099,6000
0.9581180149907595,6000
0.9819309919912484,6000
1.005637215992465,6000
1.0294014329956553,6000
1.05320354599462,6000
1.077041755994287,6000
1.1007855929965444,6000
1.124622791994625,6000
1.1483968539941998,6000
1.1720671509938256,6000
1.1958347039944783,6000
1.2196690319942718,6000
1.243415594995895,6000
1.2671787049948762,6000
1.2909242709974933,6000
1.3146593049968942,6000
1.338371740996081,6000
1.3623034659976838,6000
1.386274622000201,6000
1.4099843459989643,6000
1.4337763219991757,6000
1.4577334889982012,6000
1.4815157509983692,6000
1.5053383139966172,6000
1.529128246995242,6000
1.5529309299963643,6000
1.5767595059951418,6000
1.6005995589948725,6000
1.6243517819966655,6000
1.6482117299965466,6000
1.671962905998953,6000
1.6957706429966493,6000
1.71957898999608,6000
1.743294664996938,6000
1.7670032379937766,6000
1.7907418339927972,6000
1.814419423993968,6000
1.8381479129930085,6000
1.8619137499917997,6000
1.885650412990799,6000
1.9095286729898362,6000
1.9337009109913197,6000
1.957537541991769,6000
1.9814149779922445,6000
2.00528089699219,6000
2.0290058929895167,6000
2.0527649659888993,6000
2.0765049639885547,6000
2.10029670998847,6000
2.124119703988981,6000
2.147884786991199,6000
2.1716232589897118,6000
2.195442510990688,6000
2.219248018991493,6000
2.242954553992604,6000
2.2667631639924366,6000
2.290564242994151,6000
2.314300115995138,6000
2.338119199994253,6000
2.3618334389939264,6000
2.3857231689908076,6000
2.409459378988686,6000
2.4337193749888684,6000
2.4575914529887086,6000
2.481654166989756,6000
2.505431942990981,6000
2.529300545989827,6000
2.553082704987901,6000
2.5769315629877383,6000
2.6007364519864495,6000
2.624514803985221,6000
2.6483390999856056,6000
2.6721210709838488,6000
2.69587927698376,6000
2.719747239985736,6000
2.743491394983721,6000
2.7673326399853977,6000
2.7913954319847107,6000
2.8151606079845806,6000
2.8390361499878054,6000
2.863027738989331,6000
2.8868764029866725,6000
2.9108191849882132,6000
2.9350215799895523,6000
2.958835924990126,6000
2.9828892079895013,6000
3.0067069599899696,6000
3.030474981987936,6000
3.0543670459883288,6000
3.0782330599868146,6000
3.1020047909878485,6000
3.1258065669862845,6000
3.149573299986514,6000
3.1733352599876525,6000
3.1971359189883515,6000
3.2209647379895614,6000
3.2448160409876436,6000
3.268713465986366,6000
3.292569671986712,6000
3.3163114719864097,6000
3.340103853985056,6000
3.363829240985069,6000
3.3877132119851012,6000
3.4119989089886076,6000
3.4357890929895802,6000
3.459632588990644,6000
3.4840869549916533,6000
3.5078450349938066,6000
3.531459317993722,6000
3.55519568899399,6000
3.5788171749954927,6000
3.6031447789973754,6000
3.6268995239952346,6000
3.650784670993744,6000
3.6745171069924254,6000
3.698975324990897,6000
3.7226893389924953,6000
3.7463915969929076,6000
3.7700267339932907,6000
3.7936788279948814,6000
3.8173319439956686,6000
3.8410475569944538,6000
3.864777372993558,6000
3.8885113549949892,6000
3.912337800997193,6000
3.936089101000107,6000
3.959772313999565,6000
3.983604374996503,6000
4.007874075996369,6000
4.031583075993694,6000
4.055320313993434,6000
4.079181521996361,6000
4.102853491996939,6000
4.126491119994171,6000
4.150152735994197,6000
4.174000136994437,6000
4.197789997993823,6000
4.221448586995393,6000
4.245171537993883,6000
4.269255889994383,6000
4.292953698994097,6000
4.316643378992012,6000
4.340263012993091,6000
4.363878165990172,6000
4.387514164991444,6000
4.411144129993772,6000
4.434913315992162,6000
4.458585347994813,6000
4.482330237995484,6000
4.50598714199441,6000
4.52965145599228,6000
4.553250708991982,6000
4.5768834259906725,6000
4.60050721899097,6000
4.624222850990918,6000
4.647876684990479,6000
4.671499419990141,6000
4.695135291989573,6000
4.718834886989498,6000
4.742490335989714,6000
0.03164073399966583,7000
0.05990154299797723,7000
0.08788220499991439,7000
0.11633012699894607,7000
0.1443711939973582,7000
0.17249599899878376,7000
0.20119564500055276,7000
0.22935321000113618,7000
0.2577369050013658,7000
0.2859875420035678,7000
0.3140418610055349,7000
0.34208142300485633,7000
0.37014829000327154,7000
0.39813877700362355,7000
0.4261342220015649,7000
0.4541333070010296,7000
0.4821133760015073,7000
0.5101786800041737,7000
0.5382034260037472,7000
0.5665551180027251,7000
0.5949618690028728,7000
0.6240409140045813,7000
0.6521783250027511,7000
0.6802976600010879,7000
0.709173996001482,7000
0.7372810240012768,7000
0.7653266560009797,7000
0.7933326339989435,7000
0.8213111449986172,7000
0.8493105939996894,7000
0.8773079040001903,7000
0.9053943180006172,7000
0.933383479998156,7000
0.9613543179984845,7000
0.9893759149999823,7000
1.017385519000527,7000
1.0453579100030765,7000
1.0733585070047411,7000
1.1013008070040087,7000
1.129296590002923,7000
1.157266394002363,7000
1.185664701002679,7000
1.2137079220010492,7000
1.242260166000051,7000
1.2703733339985774,7000
1.298423828997329,7000
1.3264875379973091,7000
1.3545111019993783,7000
1.382597915999213,7000
1.4107395040009578,7000
1.4387879370005976,7000
1.4668612880013825,7000
1.4949385550025909,7000
1.5229969860010897,7000
1.551039888003288,7000
1.579075717003434,7000
1.607210528003634,7000
1.6357498670040513,7000
1.6638958190051198,7000
1.6923131300027308,7000
1.7207076080012484,7000
1.7488200940024399,7000
1.7769129960033752,7000
1.8049498860018502,7000
1.8329845410044072,7000
1.8609910310042324,7000
1.8891054400046414,7000
1.917414028004714,7000
1.9453951200048323,7000
1.9733473530031915,7000
2.0017566390015418,7000
2.0298765980005555,7000
2.057933950000006,7000
2.0861975660009193,7000
2.114360754003428,7000
2.142565537003975,7000
2.170768793002935,7000
2.198812281003484,7000
2.2269163060045685,7000
2.25491908600452,7000
2.283398618004867,7000
2.3116730830079177,7000
2.3396877230079554,7000
2.367645888007246,7000
2.395762072006619,7000
2.423842662006791,7000
2.451871615008713,7000
2.479877342007967,7000
2.5078388810070464,7000
2.535909355006879,7000
2.565731972004869,7000
2.5944065260082425,7000
2.6229333280098217,7000
2.651047274008306,7000
2.6793315700087987,7000
2.707349324009556,7000
2.735416019011609,7000
2.7636933010107896,7000
2.791684897008963,7000
2.819662171008531,7000
2.847658771006536,7000
2.8756304790076683,7000
2.903548962007335,7000
2.9315108800074086,7000
2.9595321150045493,7000
2.987515537006402,7000
3.0155362040095497,7000
3.043580836012552,7000
3.071579653013032,7000
3.0995657440107607,7000
3.1275483970093774,7000
3.155619690009189,7000
3.1836068960110424,7000
3.2122954680125986,7000
3.241195229013101,7000
3.2691963790130103,7000
3.297185214014462,7000
3.3251921530136315,7000
3.3531669540134317,7000
3.381222850013728,7000
3.4092604200159258,7000
3.437247390014818,7000
3.465301296015241,7000
3.493238689014106,7000
3.521268347012665,7000
3.5492644050100353,7000
3.577269943012652,7000
3.6053576070153213,7000
3.63332734501455,7000
3.661403128015081,7000
3.6893956670137413,7000
3.7175107530129026,7000
3.7457972510128457,7000
3.773819871013984,7000
3.8019140120122756,7000
3.832120246010163,7000
3.8601592060113035,7000
3.8881401890103007,7000
3.916142938011035,7000
3.94416591701156,7000
3.9721920100128045,7000
4.0001659960107645,7000
4.028142988008767,7000
4.056139709009585,7000
4.08422420801071,7000
4.112210176012013,7000
4.140181242011749,7000
4.16818738701113,7000
4.196243441012484,7000
4.224339124015387,7000
4.253183973014529,7000
4.281650888013246,7000
4.310240394013817,7000
4.338384804013913,7000
4.366439481011184,7000
4.394486057011818,7000
4.422961585009034,7000
4.451613919009105,7000
4.47967469600917,7000
4.507744736009045,7000
4.535941471007391,7000
4.564741245008918,7000
4.592997701009153,7000
4.621193255006801,7000
4.649668487007148,7000
4.678246751005645,7000
4.706483388003107,7000
4.734895955003594,7000
4.763576916000602,7000
4.7916070589999435,7000
4.81970286700016,7000
4.847789425999508,7000
4.875852040997415,7000
4.9038769739963755,7000
4.932031649994315,7000
4.960117237991653,7000
4.988214748991595,7000
5.016328800989868,7000
5.044324830989353,7000
5.072356903991022,7000
5.100406159988779,7000
5.128496794990497,7000
5.156509593991359,7000
5.184515993991226,7000
5.212777634991653,7000
5.240841203994933,7000
5.268865723995987,7000
5.296891418995074,7000
5.325006168997788,7000
5.353005109998776,7000
5.381129259996669,7000
5.409185690998129,7000
5.437272721999761,7000
5.465293900000688,7000
5.49327627400271,7000
5.521358403002523,7000
5.5494009610010835,7000
5.577487868002208,7000
5.605532300003688,7000
0.035655062998557696,8000
0.07406103699759115,8000
0.10700771799747599,8000
0.140114943998924,8000
0.17311099499784177,8000
0.20550491499670898,8000
0.23864347199560143,8000
0.27129654699456296,8000
0.3053942459919199,8000
0.34069617999193724,8000
0.3735992899928533,8000
0.40613762899374706,8000
0.43854126099540736,8000
0.4711021469956904,8000
0.5036322219966678,8000
0.5361197889942559,8000
0.5684532279956329,8000
0.6008969889953732,8000
0.6333968099970662,8000
0.665930032999313,8000
0.6983540119981626,8000
0.7307684180013894,8000
0.7632397819979815,8000
0.7956161229958525,8000
0.8281646429932152,8000
0.860705588995188,8000
0.8931296989940165,8000
0.9255465409914905,8000
0.9579799149905739,8000
0.9904313109909708,8000
1.0228849149898451,8000
1.0552743199878023,8000
1.0876486159868364,8000
1.1201547879900318,8000
1.1526181459885265,8000
1.1851021789880178,8000
1.217761708987382,8000
1.2502040369872702,8000
1.2826938599864661,8000
1.3150844049887382,8000
1.3475242279891972,8000
1.379941984989273,8000
1.4123921029895428,8000
1.4447681719866523,8000
1.4772029779851437,8000
1.5096081679876079,8000
1.5420290139882127,8000
1.5743901239875413,8000
1.6067576559871668,8000
1.6392907289882714,8000
1.6720020309876418,8000
1.7049951149856497,8000
1.7380991309837555,8000
1.7705982639854483,8000
1.8034704759847955,8000
1.835998586982896,8000
1.8683486499830906,8000
1.9008866349831806,8000
1.933340772982774,8000
1.96583183398252,8000
1.9983485259799636,8000
2.0318941659788834,8000
2.0643946799791593,8000
2.0982711799806566,8000
2.132024663980701,8000
2.1663543789800315,8000
2.199354421980388,8000
2.2318605359796493,8000
2.264487251977698,8000
2.2968369639784214,8000
2.329383298976609,8000
2.3619713459738705,8000
2.394444815974566,8000
2.4270203699743433,8000
2.4602257749756973,8000
2.492730354977539,8000
2.5251941809801792,8000
2.557823910978186,8000
2.590911208979378,8000
2.623378459978994,8000
2.6559056019796117,8000
2.6885250589766656,8000
2.7209644519789435,8000
2.7533229119799216,8000
2.785863333981979,8000
2.818259585983469,8000
2.8506646679816185,8000
2.8829302349804493,8000
2.9152895659826754,8000
2.9478065069815784,8000
2.9803179879818344,8000
3.0127508959812985,8000
3.0451546299809706,8000
3.077456845981942,8000
3.109837506981421,8000
3.1424785909839557,8000
3.1749309609840566,8000
3.2076006579845853,8000
3.2400356509861012,8000
3.272835347986984,8000
3.3053314709868573,8000
3.3379121589860006,8000
3.370378963987605,8000
3.4029479759883543,8000
3.4354545259884617,8000
3.467948125988187,8000
3.5003644739881565,8000
3.5328060669889965,8000
3.5652055649879912,8000
3.597642991986504,8000
3.630123263985297,8000
3.6625585059846344,8000
3.6949004889866046,8000
3.7274084619857604,8000
3.759899204982503,8000
3.7924030169815524,8000
3.8250197139786906,8000
3.8574988459768065,8000
3.889939077977033,8000
3.9223466089752037,8000
3.9547459119748964,8000
3.9871932349778945,8000
4.019559839976864,8000
4.052012053976796,8000
4.084414245975495,8000
4.116826176974428,8000
4.149301059973368,8000
4.181677339973248,8000
4.2142897229750815,8000
4.247608136975032,8000
4.280229315976612,8000
4.312734337978327,8000
4.345131971978844,8000
4.377897910981119,8000
4.410386406980251,8000
4.442822437980794,8000
4.475192280980991,8000
4.507508218979638,8000
4.539993582980969,8000
4.572448001981684,8000
4.604915939980856,8000
4.637343114980467,8000
4.669809926981543,8000
4.70438840298084,8000
4.737400586982403,8000
4.77028511498429,8000
4.802825779981504,8000
4.835160782982712,8000
4.867480524982966,8000
4.900633115979872,8000
4.933088119978493,8000
4.9655546069770935,8000
4.997984380977869,8000
5.030358517979039,8000
5.06277652298013,8000
5.0951788449783635,8000
5.127575547976448,8000
5.160355214975425,8000
5.193148417973134,8000
5.225785394974082,8000
5.258317472973431,8000
5.290828453973518,8000
5.323184976972698,8000
5.355624805972184,8000
5.387986174970138,8000
5.420340124968789,8000
5.4526953409658745,8000
5.485204090964544,8000
5.517670500965323,8000
5.549967613966146,8000
5.582433060968469,8000
5.6147886049657245,8000
5.6471834749645495,8000
5.67965383196497,8000
5.712068541964982,8000
5.744583499963483,8000
5.77696948096127,8000
5.809452141962538,8000
5.841839442960918,8000
5.874172094961978,8000
5.906672306962719,8000
5.9391159329607035,8000
5.971459986962145,8000
6.003883063960529,8000
6.036238257962395,8000
6.068592009960412,8000
6.100962763957796,8000
6.133339996955328,8000
6.166030467957171,8000
6.198412103956798,8000
6.231074603954767,8000
6.26358958795754,8000
6.2960821239576035,8000
6.328645184956258,8000
6.361135910956364,8000
6.3934656649544195,8000
6.4258746009545575,8000
6.458283075953659,8000
6.4906510139553575,8000
0.04172130100050708,9000
0.07932811999853584,9000
0.11651820499901078,9000
0.1547348929962027,9000
0.19182793099753326,9000
0.22898786899531842,9000
0.26660967899806565,9000
0.30386319600074785,9000
0.3414889599989692,9000
0.3790937629964901,9000
0.41652009699464543,9000
0.4538182619980944,9000
0.49096269800065784,9000
0.5282362090001698,9000
0.5654593920007756,9000
0.6026078569993842,9000
0.6397678539979097,9000
0.6768604129974847,9000
0.7147256939970248,9000
0.7520487439978751,9000
0.7899398189983913,9000
0.8274516940000467,9000
0.8649831900002027,9000
0.9021962669976347,9000
0.939329569995607,9000
0.9765334769945184,9000
1.0138435299959383,9000
1.051303394997376,9000
1.0884256749959604,9000
1.1255881689976377,9000
1.1629950360002113,9000
1.2001977260006242,9000
1.2376322580021224,9000
1.2749266040009388,9000
1.3122384240014071,9000
1.349464593004086,9000
1.386710706006852,9000
1.4239667990077578,9000
1.4611669340083608,9000
1.4982385910079756,9000
1.5354323560059129,9000
1.572604119006428,9000
1.6097811120089318,9000
1.6469464840083674,9000
1.6841171350097284,9000
1.7213541240125778,9000
1.7586071930127218,9000
1.7959525960141036,9000
1.8331966820151138,9000
1.870461549016909,9000
1.907768005017715,9000
1.945005610017688,9000
1.9821280160176684,9000
2.0192630520177772,9000
2.0564477890184207,9000
2.093599003019335,9000
2.130842513019161,9000
2.1679924670170294,9000
2.205251319017407,9000
2.243143111016252,9000
2.2813112780168012,9000
2.3187034520196903,9000
2.3562981380200654,9000
2.393519963017752,9000
2.4307628480164567,9000
2.468009410018567,9000
2.5053867300193815,9000
2.5428836500177567,9000
2.5800997490187,9000
2.617232534019422,9000
2.654319638018933,9000
2.6921717950208404,9000
2.7297453520222916,9000
2.767052618022717,9000
2.8043287950204103,9000
2.8414798760168196,9000
2.8787067140146974,9000
2.9159727050173387,9000
2.9531985070170776,9000
2.9902453450195026,9000
3.0273267370175745,9000
3.064543600019533,9000
3.1015657060197555,9000
3.138740720019996,9000
3.1760120160179213,9000
3.2131929000170203,9000
3.2508362760199816,9000
3.288135275019158,9000
3.326296186020045,9000
3.365011415018671,9000
3.4025689820191474,9000
3.4398406850195897,9000
3.4771699320190237,9000
3.5144572660174163,9000
3.5518316810157557,9000
3.589483892017597,9000
3.6270628760175896,9000
3.6642269150179345,9000
3.7014413950164453,9000
3.7385722960170824,9000
3.7759361780153995,9000
3.813775083013752,9000
3.851104341014434,9000
3.888593880015833,9000
3.9267645260151767,9000
3.9639831830136245,9000
4.001250939014426,9000
4.038397928012273,9000
4.075517128010688,9000
4.112746247014002,9000
4.149952663014119,9000
4.187105205015541,9000
4.22411416801333,9000
4.261493308011268,9000
4.299032550010452,9000
4.337361169011274,9000
4.3753229420108255,9000
4.412545632010733,9000
4.449689992012281,9000
4.486818662011501,9000
4.5241011880134465,9000
4.5613343300137785,9000
4.59853785701489,9000
4.635802627017256,9000
4.672924777016306,9000
4.70999525001389,9000
4.747327520017279,9000
4.784499952016631,9000
4.821670257013466,9000
4.858905207012867,9000
4.8961394730140455,9000
4.933451172015339,9000
4.970599096013757,9000
5.007725556013611,9000
5.04493833201559,9000
5.082147633012937,9000
5.119486782015883,9000
5.156694630015409,9000
5.193844830013404,9000
5.231012854012079,9000
5.268189815011283,9000
5.305860512009531,9000
5.343571722009074,9000
5.381134172010206,9000
5.418432484009827,9000
5.455698184010544,9000
5.493039610013511,9000
5.5302427200149396,9000
5.567369332016824,9000
5.604535579019284,9000
5.641681673019775,9000
5.678888592017756,9000
5.716063354015205,9000
5.753243093015044,9000
5.790578836014902,9000
5.828029613014223,9000
5.865632889013796,9000
5.903241956013517,9000
5.940568481011724,9000
5.977982628010068,9000
6.0152548250080144,9000
6.052540167005645,9000
6.089724416007812,9000
6.127022332006163,9000
6.164237744007551,9000
6.201960709007835,9000
6.239219713010243,9000
6.276337194009102,9000
6.314159073008341,9000
6.352308258006815,9000
6.389943879006751,9000
6.42739743900529,9000
6.465298421004263,9000
6.502582111006632,9000
6.5397888100051205,9000
6.577193064007588,9000
6.614813453008537,9000
6.652226532009081,9000
6.689436528009537,9000
6.72653670400905,9000
6.763696031008294,9000
6.8009278000063205,9000
6.838394577007421,9000
6.876076841006579,9000
6.913752847005526,9000
6.951411523008574,9000
6.988560300007521,9000
7.025583585007553,9000
7.062701859005756,9000
7.099832588002755,9000
7.137154465002823,9000
7.1743124300010095,9000
7.21148267800163,9000
7.248528899002849,9000
7.285848357001669,9000
7.323212963001424,9000
7.36079720500129,9000
7.398097146000509,9000
7.435547506000148,9000
